<?xml version="1.0" encoding="UTF-8" standalone="yes"?>
<addon id="repository.blatorone.skins" name="blatorone Repository" version="1.0.0" provider-name="blatorone">
    <extension point="xbmc.addon.repository" name="blatorone Repository">
        <dir>
            <info compressed="false">https://raw.githubusercontent.com/blatorone/Kodi/main/repo/addons.xml</info>
            <checksum>https://raw.githubusercontent.com/blatorone/Kodi/main/repo/addons.xml.md5</checksum>
            <datadir zip="true">https://raw.githubusercontent.com/blatorone/repo/main/repo/</datadir>
        </dir>
    </extension>
    <extension point="xbmc.addon.metadata">
        <summary>Various Addons for Kodi</summary>
        <description></description>
        <disclaimer></disclaimer>
        <platform>all</platform>
    </extension>
</addon>